Index,QuestionId,AskerId,AskerName,QuestionTitle,answer_id,AnswererId
1,58441514,10133797,OverLordGoldDragon,Why is TensorFlow 2 much slower than TensorFlow 1?,58653632,10133797
2,58441514,10133797,OverLordGoldDragon,Why is TensorFlow 2 much slower than TensorFlow 1?,58653636,10133797
3,58378374,2593810,off99555,Why does keras model predict slower after compile?,58378941,10133797
4,58378374,2593810,off99555,Why does keras model predict slower after compile?,58385156,10133797
5,58276337,2066786,rmccabe3701,Proper way to feed time-series data to stateful LSTM?,58277760,10133797
6,58279628,10133797,OverLordGoldDragon,What is the difference between tf.keras and tf.python.keras?,58279629,10133797
7,58433555,10629062,Code Now,Why are my results still not reproducible?,58444460,10133797
8,58620552,4684861,Mohamed Thasin ah,tf.reshape is not giving ?(None) for first element,58622508,1665160
9,58620552,4684861,Mohamed Thasin ah,tf.reshape is not giving ?(None) for first element,58622067,1782792
10,58237726,8733347,Pouteri,Keras model fails to decrease loss,58248902,10133797
11,58237726,8733347,Pouteri,Keras model fails to decrease loss,58238191,6590393
12,58629848,12205961,HDB,"How to fix this error: list indices must be integers or slices, not tuple",58631713,4228275
13,58629848,12205961,HDB,"How to fix this error: list indices must be integers or slices, not tuple",58630439,12297767
14,58356868,2991243,user2991243,How visualize attention LSTM using keras-self-attention package?,58357581,10133797
15,58303778,866082,Mehran,What is the right way to manipulate the shape of a tensor when there are unknown elements in it?,58304599,2097240
16,58210700,11861082,Albert,Are these models equivalent?,58210853,10133797
17,58455765,7672661,ibvfteh,Keras sees my GPU but doesn&#39;t use it when training a neural network,58455845,2174693
18,58239781,11552661,tbone,KeyError: &#39;filename&#39; (Pandas),58240114,4238408
19,58607510,9624112,Tanya,different results for the same code with tf.control_dependencies,58608645,10418086
20,58607510,9624112,Tanya,different results for the same code with tf.control_dependencies,58608203,1782792
21,58344477,4146344,Dang Manh Truong,Keras image classification: High accuracy shown but low on test images,58392540,2097240
22,58227802,5601592,Sus20200,Implementing clipping function using Keras backend,58337563,12192957
23,58227802,5601592,Sus20200,Implementing clipping function using Keras backend,58231450,9828197
24,58499119,9268287,vincent,TypeError: Cannot convert 0.0 to EagerTensor of dtype int32,58499721,9268287
25,58291184,9855577,Umair Javaid,Keras: Getting different accuracy using model.train_on_batch() and model.fit(). What could be the reason and how to fix that?,58292028,10133797
26,58291184,9855577,Umair Javaid,Keras: Getting different accuracy using model.train_on_batch() and model.fit(). What could be the reason and how to fix that?,58291756,7212365
27,58631088,2905222,Brandon,"Why are my neural network predictions correct when applied to MNIST hand-drawn images, but incorrect when applied to my own hand-drawn images?",58631965,4531017
28,58631088,2905222,Brandon,"Why are my neural network predictions correct when applied to MNIST hand-drawn images, but incorrect when applied to my own hand-drawn images?",58631264,11744692
29,58505880,11929946,piljae.chae,Tensorflow 2.0 dataset and dataloader,58507709,6923568
30,58505880,11929946,piljae.chae,Tensorflow 2.0 dataset and dataloader,58506005,1553225
31,58433022,10371314,Codie,Keras: Over fitting Conv2D,58455292,10133797
32,58433022,10371314,Codie,Keras: Over fitting Conv2D,58434402,12118774
33,58433022,10371314,Codie,Keras: Over fitting Conv2D,58433206,12023442
34,58418290,4980684,tkupek,Regularization of over-excited activation values in Tensorflow 2.0 Keras,58418425,774331
35,58381152,4607066,ChosunOne,What is causing large jumps in training accuracy and loss between epochs?,58385932,4607066
36,58381152,4607066,ChosunOne,What is causing large jumps in training accuracy and loss between epochs?,58382755,12118774
37,58333491,9119995,HoiM,What does experimental in TensorFlow mean?,58333539,10133797
38,58254885,11368194,hR 312,Error in build while using keras custom layer,58271055,11207938
39,58254885,11368194,hR 312,Error in build while using keras custom layer,58258118,5597718
40,58625549,132785,Neil,Implicitly enable TensorFlow v2 behaviour in TensorFlow v1,58625794,1782792
41,58570923,11573842,Yatin,"Getting &quot; ValueError: Output of generator should be a tuple `(x, y, sample_weight)` or `(x, y)` &quot; while",58571080,11220884
42,58502540,5808336,Milton,Training does not complete it&#39;s first epoch in Tensorflow 2.0,58506594,1190882
43,58396132,2061651,josteinb,Broadcasting dynamic dimension in Tensorflow,58398203,1782792
44,58369040,11901732,nilsinelabore,When and why do we use tf.reduce_mean?,58379534,2912518
45,58369040,11901732,nilsinelabore,When and why do we use tf.reduce_mean?,58371658,8366805
46,58347572,9035706,Eerik Sven Puudist,TensorFlow: classify image,58348048,12014856
47,58291557,2049763,Mazhar,TensorFlow object detection API evaluate training performance,58448463,8152837
48,58603755,12244488,eaindra,Why do these error messages show up in Compilation,58603845,10418086
49,58602039,3899975,A.E,how to add list of arrays (tensors),58602316,3250829
50,58566096,11861082,Albert,Custom loss function that updates at each step via gradient descent,58647668,2097240
51,58564613,2886575,Scott,tensorflow boolean_mask inverse?,58565329,7212365
52,58564613,2886575,Scott,tensorflow boolean_mask inverse?,58564859,2886575
53,58558004,238232,cnd,cPickle.PicklingError: Could not serialize object: NotImplementedError,58599907,10133797
54,58481332,6657314,Soulduck,Getting the indices of several elements in a Tensorflow at once,58483515,1782792
55,58453793,1543083,Ruben Kazumov,The clear_session() method of keras.backend does not clean up the fitting data,58467266,10133797
56,58453793,1543083,Ruben Kazumov,The clear_session() method of keras.backend does not clean up the fitting data,58464234,349130
57,58421182,12228795,Ot&#225;vio Augusto Silva,How to lock specific values of a Tensor in TensorFlow?,58422250,774331
58,58413230,12213054,gavasono,How to prevent keras from renaming layers,58428014,3214872
59,58376525,9299942,Sentinan,handle labels for a multi-headed CNN,58438992,9299942
60,58376525,9299942,Sentinan,handle labels for a multi-headed CNN,58378493,10133797
61,58306268,8334261,DocDriven,How to run training with pre-made dense layers in tensorflow 2.0?,58306464,4373898
62,58306268,8334261,DocDriven,How to run training with pre-made dense layers in tensorflow 2.0?,58306398,9393102
63,58300465,11687201,Sylvia,TensorBoard 2.0.0 not updating train scalars,58301505,2042297
64,58276718,2593878,dkv,How to load selected range of samples in Tensorboard,58430924,1782792
65,58244542,2066786,rmccabe3701,Tensorflow LSTM stateful option not maintaining state between batches,58244667,10133797
66,58215034,12157926,Bigfootso,Implementation of Python code which uses Tensorflow library into HTML?,58338717,12199329
67,58215034,12157926,Bigfootso,Implementation of Python code which uses Tensorflow library into HTML?,58215224,7553450
68,58197749,7238787,jabberwoo,Which version of TensorFlow.js is compatible with models trained in TensorFlow 1.12.0 (Python)?,58202111,1190882
69,58193588,9855577,Umair Javaid,Keras: How to get model predictions( or last layer output) in a custom generator during training?,58228704,10133797
70,58636087,6748145,Cutter,Tensorflow - ValueError: Failed to convert a NumPy array to a Tensor (Unsupported object type float),58667409,10133797
71,58436134,12229474,devnull,LSTM - Use deltaTime as a feature? How to handle irregular timestamps?,58437917,1358308
72,58436134,12229474,devnull,LSTM - Use deltaTime as a feature? How to handle irregular timestamps?,58436951,9594764
73,58401393,10371314,Codie,Keras: How can I comapre weights of different models?,58402706,10133797
74,58261348,10133797,OverLordGoldDragon,ValueError: Tried to convert &#39;y&#39; to a tensor and failed. Error: None values not supported,58279661,10133797
75,58228271,11861082,Albert,Keras backed taking the derivative of a function,58336137,12192957
76,58228271,11861082,Albert,Keras backed taking the derivative of a function,58229586,744616
77,58629296,7815941,Farnaz,Why do I need to reshape my input data to an additional dimension for Conv2D?,58629454,11220884
78,58629296,7815941,Farnaz,Why do I need to reshape my input data to an additional dimension for Conv2D?,58629433,8563649
79,58629296,7815941,Farnaz,Why do I need to reshape my input data to an additional dimension for Conv2D?,58629429,2846923
80,58436796,1892346,Shot,How to teach keras neural network to solve sqrt,58436941,8889727
81,58635521,6748145,Cutter,Tensorflow - TypeError: &#39;int&#39; object is not iterable,58635583,10133797
82,58635521,6748145,Cutter,Tensorflow - TypeError: &#39;int&#39; object is not iterable,58635578,523612
83,58635521,6748145,Cutter,Tensorflow - TypeError: &#39;int&#39; object is not iterable,58635565,11292489
84,58349239,7537870,DVK,How to customize Keras layer names and also have it automatically increment layer.name,58349308,10133797
85,58349239,7537870,DVK,How to customize Keras layer names and also have it automatically increment layer.name,58349602,7212365
86,58227659,2034850,Alon Yampolski,Tensorflow structured data model.predict() returns incorrect probabilities,58337662,12192957
87,58227659,2034850,Alon Yampolski,Tensorflow structured data model.predict() returns incorrect probabilities,58311694,12134850
88,58227659,2034850,Alon Yampolski,Tensorflow structured data model.predict() returns incorrect probabilities,58265834,10411744
89,58227659,2034850,Alon Yampolski,Tensorflow structured data model.predict() returns incorrect probabilities,58228014,7212365
90,58591562,10392393,Azerila,How can we use lbfgs_minimize in TensorFlow 2.0,58593300,4615566
91,58591562,10392393,Azerila,How can we use lbfgs_minimize in TensorFlow 2.0,58592165,1782792
92,58527815,11355006,Benoni,How to preprocess and feed data to keras model?,58528879,8455692
93,58626275,4896449,dendog,Loading tensorflow 1.x.x model into tensorflow 2.x.x,58626757,1782792
94,58576446,12209793,Paul McBurney,"Error in Keras Digit Dataset: expected conv2d_input to have 4 dimensions, but got array with shape (60000, 28, 28)",58576713,7331631
95,58576446,12209793,Paul McBurney,"Error in Keras Digit Dataset: expected conv2d_input to have 4 dimensions, but got array with shape (60000, 28, 28)",58581961,5136550
96,58576446,12209793,Paul McBurney,"Error in Keras Digit Dataset: expected conv2d_input to have 4 dimensions, but got array with shape (60000, 28, 28)",58576453,1190882
97,58555825,1709088,user781486,Support tensorflow v1.x and v2.0 on same PC,58556122,423926
98,58544272,7296485,hinanmu,keras pre-trained model feed a new input placeholder,58553788,7296485
99,58544272,7296485,hinanmu,keras pre-trained model feed a new input placeholder,58547400,7331631
100,58544272,7296485,hinanmu,keras pre-trained model feed a new input placeholder,58546929,7212365
101,58544272,7296485,hinanmu,keras pre-trained model feed a new input placeholder,58544748,11220884
102,58508286,1487087,jw1294,TensorFlow Model not performing any training,58508551,4685471
103,58490213,11351872,derric-d,"Tensorflow module not found with tensorflow 2, where to find docs for new way?",58490451,8474894
104,58398790,635523,knub,Does Tensorflow have an inverse of tf.unravel_index?,58399997,1782792
105,58390337,826983,displayname,Add samples randomly from different datasets to retrieve a final dataset,58390691,5136550
106,58390337,826983,displayname,Add samples randomly from different datasets to retrieve a final dataset,58390519,3214872
107,58343266,2163392,mad,Weird error with training custom images with Xception CNN,58343463,5974433
108,58341433,2163392,mad,Error when running tensorflow in virtualenv: module &#39;tensorflow&#39; has no attribute &#39;truncated_normal&#39;,58342047,349130
109,58301646,1318499,user1318499,Train with target data generated within the model,58305504,2097240
110,58282208,10418086,stephen_mugisha,Running tensorflow-2.0 from docker container,58299136,4373898
111,58202708,6997665,learner,Gradient clipping error in Tensorflow v1.14,58203122,3337089
112,58644349,6997665,learner,Can the bias of a dense layer be set to zero in Tensorflow?,58644540,1782792
113,58633364,5925476,mnabil,Max pool a single image in tensorflow using &quot;tf.nn.avg_pool&quot;,58634102,7212365
114,58632268,6078821,Andy Carlson,Tensorflow - Unable to use a BasicLSTMCell with a MirroredStrategy distribution in Estimator,58650406,11372593
115,58631390,1719931,rtrtrt,What is the purpose of tf.compat?,58631589,1782792
116,58628787,3924118,nbro,What is the intuition behind the Iterator.get_next method?,58629331,1782792
117,58616157,12294052,Sr New,Why does Tensorflow show memory available less than GPU specs?,58616358,3756307
118,58615611,2905222,Brandon,How do I use my own Hand-Drawn Image in TensorFlow Number Recognition,58615761,8253769
119,58612735,2886575,Scott,tensorflow scatter_nd with empty tensors?,58613387,1782792
120,58597299,9235106,Jiawei Lu,minimization does not proceed as expected in TensorFlow 2.0,58604844,1782792
121,58579059,12121241,Jakub Balicki,Keras - how to pass a array of images to ImageDataGenerator.flow,58579740,6370655
122,58579059,12121241,Jakub Balicki,Keras - how to pass a array of images to ImageDataGenerator.flow,58579485,11220884
123,58572535,4105823,thebesttony,"How to merge two tf.data.Dataset into one, alternating elements with known ratio",58573644,10075090
124,58572535,4105823,thebesttony,"How to merge two tf.data.Dataset into one, alternating elements with known ratio",58572931,1440764
125,58537495,12238214,Naofumi,Tensorflow initialize a sparse tensor with only one line/column not zero?,58538703,1782792
126,58523031,6405137,Makis Kans,Error when applying gradients with get_weights(),58523478,1782792
127,58520594,2252698,Chris,"tf.Data.Dataset - On each Epoch, only train with a sub sample of the full dataset",58520774,3214872
128,58510249,3899975,A.E,Pytorch Autograd: what does runtime error &quot;grad can be implicitly created only for scalar outputs&quot; mean,58512759,2790047
129,58480861,2620232,user2620232,Repeating images in training dataset for tensorflow object detection models,58486136,6129428
130,58476704,8564860,John F,Neural Network prediction intervals - MVE method,58634964,349130
131,58474438,10561436,onexpeters,Difference between split() and tokenize(),58476399,1190882
132,58470877,10286273,Siddharth Gautam,How to fix datatype mismatch to predict images using my trained model?,58473735,1190882
133,58464790,7409920,ShawnChen,Is there an equivalent function of pytorch named &quot;index_select&quot; in tensorflow,58466468,7212365
134,58459444,247542,Cerin,Converting Tensorflow 1.5 to Tensorflow 2,58459633,7024006
135,58429502,74342,btel,How to load models trained on GPU into CPU (system) memory?,58429676,8842694
136,58360493,8100895,Jonathan,Passing sequence of letters to CNN - Keras,58360575,2846062
137,58343293,9625777,Pe Dro,AttributeError: &#39;google.protobuf.pyext._message.RepeatedCompositeCo&#39; object has no attribute &#39;append&#39;,58343607,8842694
138,58333926,11642693,Lauqz,Keras Image Classification Loss,58334412,12198896
139,58327692,2912518,Ruthvik Vaila,"Updating a slice in rank3 tensorflow tensor along the third axis (Z) given a location (X,Y)",58328316,7212365
140,58327372,1319915,trianta2,"Getting Keras / Tensorflow to output OneHotCategorical, but operation has None for gradient",58328560,5974433
141,58314493,4619817,JJTT,"tensorflow model: what is the difference between .data-00000-of-00002 and ,data-00001-of-00002?",58315908,5136550
142,58309294,11673522,FlightPanda24,Can&#39;t the two different methods to add_loss in Keras/Tensorflow be used together?,58309693,7212365
143,58300357,8270077,user8270077,How to find the shapes of activations in the different layers of a pretrained InceptionResNetV2 model in Keras - Tensorflow 2.0,58307282,9477338
144,58284012,8836053,maguro,How to accelerate the code which convert tensor to numpy array in tensorflow_datasets?,58284192,1190882
145,58253408,10133797,OverLordGoldDragon,How to get value of a Keras tensor in TensorFlow 2?,58257711,262432
146,58238146,7788402,PCG,How to use boundary boxes with images for multi label image training?,58245937,10878733
147,58225903,7537870,DVK,How to get the output of all layers of a Keras model?,58239241,10133797
148,58220747,1745048,bookmonkie,"Siamese network, lower part uses a dense layer instead of a euclidean distance layer",58222947,5136550
149,58206062,7656080,siby,Why is Python eval returning same object for Keras regularizer?,58206155,10133797
150,58198180,9805238,Hagbard,Run TensorFlow 2.0 on CPU without AVX,58443987,1726125
151,58195893,11694959,KScript,How can I reduce the loss rate of G and D in GAN?,58196123,8784825
152,58180690,1009508,MNM,Keras Model gets high accuracy in training and validation then messes up on Confusion metric,58180881,12118774
153,58641330,12302432,Sheldon Chan,AbortedError: Session 902faae618c6a822 is not found,58643712,12235886
154,58605279,4189632,Erdnase,Tensorflow - Value Error in model.fit - How to fix,58605509,12094550
155,58605279,4189632,Erdnase,Tensorflow - Value Error in model.fit - How to fix,58605401,6303377
156,58591088,12285749,ecda_123,How to see all the possible options for schema metadata in tensorflow?,58592418,1782792
157,58586581,7354198,Sanjeev Kumar,"@nd time giving error,during TENSORFLOW execution",58601771,5612363
158,58568566,10878733,Shubham Panchal,optimizer.apply_gradients does not update the weights in TF 2.0,58576890,10878733
159,58561927,12274735,ClockerDL,"How to fix &quot;ld: symbol(s) not found for architecture x86_64&quot; using C++, CMake and Tensorflow?",58572098,3987854
160,54665842,6104563,Dick,"When importing tensorflow, I get the following error: No module named &#39;numpy.core._multiarray_umath&#39;",56356627,6050100
161,54665842,6104563,Dick,"When importing tensorflow, I get the following error: No module named &#39;numpy.core._multiarray_umath&#39;",56179177,7994269
162,54665842,6104563,Dick,"When importing tensorflow, I get the following error: No module named &#39;numpy.core._multiarray_umath&#39;",54708388,5403632
163,55142951,8531952,Atul Kamble,Tensorflow 2.0 - AttributeError: module &#39;tensorflow&#39; has no attribute &#39;Session&#39;,58516620,238419
164,55142951,8531952,Atul Kamble,Tensorflow 2.0 - AttributeError: module &#39;tensorflow&#39; has no attribute &#39;Session&#39;,55143329,648946
165,55142951,8531952,Atul Kamble,Tensorflow 2.0 - AttributeError: module &#39;tensorflow&#39; has no attribute &#39;Session&#39;,58386580,12217934
166,57381430,11423611,Emilijus052,"&quot;synonym of type is deprecated; in a future version of numpy, it will be understood as (type, (1,)) / &#39;(1,)type&#39;.&quot; problem in TensorFlow",58319636,8398247
167,57381430,11423611,Emilijus052,"&quot;synonym of type is deprecated; in a future version of numpy, it will be understood as (type, (1,)) / &#39;(1,)type&#39;.&quot; problem in TensorFlow",58478238,12248686
168,57381430,11423611,Emilijus052,"&quot;synonym of type is deprecated; in a future version of numpy, it will be understood as (type, (1,)) / &#39;(1,)type&#39;.&quot; problem in TensorFlow",57514105,992600
169,57381430,11423611,Emilijus052,"&quot;synonym of type is deprecated; in a future version of numpy, it will be understood as (type, (1,)) / &#39;(1,)type&#39;.&quot; problem in TensorFlow",57382914,5810950
170,57381430,11423611,Emilijus052,"&quot;synonym of type is deprecated; in a future version of numpy, it will be understood as (type, (1,)) / &#39;(1,)type&#39;.&quot; problem in TensorFlow",57382739,901925
171,54767816,245549,Roman,How exactly does LSTMCell from TensorFlow operates?,54877479,9110142
172,54767816,245549,Roman,How exactly does LSTMCell from TensorFlow operates?,54866381,10809912
173,54767816,245549,Roman,How exactly does LSTMCell from TensorFlow operates?,54846729,8342910
174,54767816,245549,Roman,How exactly does LSTMCell from TensorFlow operates?,54809394,6901690
175,57086301,9933449,user_6396,Custom Neural Network Implementation on MNIST using Tensorflow 2.0?,57136842,10886420
176,57086301,9933449,user_6396,Custom Neural Network Implementation on MNIST using Tensorflow 2.0?,57123319,10202729
177,57086301,9933449,user_6396,Custom Neural Network Implementation on MNIST using Tensorflow 2.0?,57088397,2455494
178,54426123,7020624,Rodrigo Pereira,How to inform class weights when using `tensorflow.python.keras.estimator.model_to_estimator` to convert Keras Models to Estimator API?,54428538,2641587
179,54426123,7020624,Rodrigo Pereira,How to inform class weights when using `tensorflow.python.keras.estimator.model_to_estimator` to convert Keras Models to Estimator API?,54429884,7020624
180,55531427,11277304,Sophie Crommelinck,"How to define max_queue_size, workers and use_multiprocessing in keras fit_generator()?",55709360,11192099
181,54621746,7517192,Alex,Training a tf.keras model with a basic low-level TensorFlow training loop doesn&#39;t work,54680951,7517192
182,54621746,7517192,Alex,Training a tf.keras model with a basic low-level TensorFlow training loop doesn&#39;t work,54687015,6246880
183,55235230,8104036,lenikhilsingh,tensorflow: Please use `rate` instead of `keep_prob`. Rate should be set to `rate = 1 - keep_prob`,56262468,9924439
184,55235230,8104036,lenikhilsingh,tensorflow: Please use `rate` instead of `keep_prob`. Rate should be set to `rate = 1 - keep_prob`,55235994,7943474
185,56211215,239879,Shamoon,Why does my keras LSTM model get stuck in an infinite loop?,56267348,7454706
186,54989442,4729764,GRS,"RNN in Tensorflow vs Keras, depreciation of tf.nn.dynamic_rnn()",55937262,10923002
187,54497130,5495381,sdcbr,Inconsistency between image resizing with Keras (PIL) and TensorFlow?,54497253,2891324
188,56229630,3757672,Markus,Keras fit_generator() - How does batch for time series work?,56416231,2099607
189,54721703,3486308,user3486308,ModuleNotFoundError: No module named &#39;numpy.core._multiarray_umath&#39; (While installing TensorFlow),57372011,8089805
190,54721703,3486308,user3486308,ModuleNotFoundError: No module named &#39;numpy.core._multiarray_umath&#39; (While installing TensorFlow),55565967,4960010
191,54721703,3486308,user3486308,ModuleNotFoundError: No module named &#39;numpy.core._multiarray_umath&#39; (While installing TensorFlow),55510512,7120442
192,54721703,3486308,user3486308,ModuleNotFoundError: No module named &#39;numpy.core._multiarray_umath&#39; (While installing TensorFlow),54721829,8859876
193,54721703,3486308,user3486308,ModuleNotFoundError: No module named &#39;numpy.core._multiarray_umath&#39; (While installing TensorFlow),54721809,3486308
194,54820869,4948889,Jaffer Wilson,Calculating percentage of number with Tensorflow,54824559,9396051
195,54820869,4948889,Jaffer Wilson,Calculating percentage of number with Tensorflow,54821390,10878733
196,54050325,3259896,SantoshGupta7,Can a Tensorflow variable be trained using the Tensorflow Keras functional API model? Can a Tensorflow operation be used in the functional API Model?,54215447,5884955
197,54050325,3259896,SantoshGupta7,Can a Tensorflow variable be trained using the Tensorflow Keras functional API model? Can a Tensorflow operation be used in the functional API Model?,54214813,1868775
198,56961681,4790871,David Parks,"When training GANs in Keras, are multiple passes required to optimize the generator and discriminator?",57048027,2097240
199,55173766,10155767,Ben Mares,Why is AdamOptimizer duplicated in my graph?,55221619,1735003
200,54194724,8039154,I-PING Ou,How to use keras layers in custom keras layer,57726937,1790744
201,54194724,8039154,I-PING Ou,How to use keras layers in custom keras layer,54197775,7699696
202,56299034,3016483,Illuminati0x5B,How to implement neural network pruning?,56451791,3987085
203,56299034,3016483,Illuminati0x5B,How to implement neural network pruning?,56299140,7943474
204,54189142,1766088,asdf,Keras network producing inverse predictions,54298123,604048
205,54189142,1766088,asdf,Keras network producing inverse predictions,54261656,9487195
206,56907971,9933449,user_6396,Logistic Regression using Tensorflow 2.0?,56936811,10455493
207,57234308,3504926,Paulo Ribeiro,"Edge TPU Compiler: ERROR: quantized_dimension must be in range [0, 1). Was 3",58383492,6262757
208,57234308,3504926,Paulo Ribeiro,"Edge TPU Compiler: ERROR: quantized_dimension must be in range [0, 1). Was 3",58162918,1284889
209,57234308,3504926,Paulo Ribeiro,"Edge TPU Compiler: ERROR: quantized_dimension must be in range [0, 1). Was 3",58082806,11966678
210,57234308,3504926,Paulo Ribeiro,"Edge TPU Compiler: ERROR: quantized_dimension must be in range [0, 1). Was 3",57653268,11966678
211,56325746,1179925,mrgloom,Tensorflow: create tf.NodeDef() and set attributes,56402929,1179925
212,56325746,1179925,mrgloom,Tensorflow: create tf.NodeDef() and set attributes,56396218,10397400
213,54559111,6898433,Mikolaj,Different results while training with CudnnLSTM compared to regular LSTMCell in Tensorflow,54770064,10886420
214,54689096,9222818,Sai Krishnadas,How to install Keras with gpu support?,57649560,10819840
215,54689096,9222818,Sai Krishnadas,How to install Keras with gpu support?,56081613,3385948
216,54689096,9222818,Sai Krishnadas,How to install Keras with gpu support?,54689291,4685471
217,54689096,9222818,Sai Krishnadas,How to install Keras with gpu support?,55752297,1577186
218,55170460,6835329,Ameer Taweel,Neural network for square (x^2) approximation,55170820,9703830
219,55170460,6835329,Ameer Taweel,Neural network for square (x^2) approximation,55203161,4685471
220,56657993,11667181,ILM91,How to create a keras layer with a custom gradient in TF2.0?,56658149,5668710
221,55870127,10025471,&#214;mer &#199;iftci,Module &#39;tensorflow&#39; has no attribute &#39;contrib&#39;,57630944,11968821
222,55870127,10025471,&#214;mer &#199;iftci,Module &#39;tensorflow&#39; has no attribute &#39;contrib&#39;,57629649,5838180
223,55870127,10025471,&#214;mer &#199;iftci,Module &#39;tensorflow&#39; has no attribute &#39;contrib&#39;,55879831,10025471
224,55870127,10025471,&#214;mer &#199;iftci,Module &#39;tensorflow&#39; has no attribute &#39;contrib&#39;,55872941,11127923
225,54440859,9251158,miguelmorin,Eager execution in Tensorflow 2,54440944,5884955
226,55007886,3601960,joshwa,Save a model for TensorFlow Serving with api endpoint mapped to certain method using SignatureDefs?,55161668,3214872
227,54129098,2942412,Pranjal,Getting wrong prediction after loading a saved model,58332439,353308
228,54129098,2942412,Pranjal,Getting wrong prediction after loading a saved model,54216210,2942412
229,54129098,2942412,Pranjal,Getting wrong prediction after loading a saved model,54189819,8593338
230,54083955,5865579,jason,Should I use the standalone Keras library or tf.keras?,54117754,5495381
231,54502101,3776738,user3776738,Tensorflow-Deeplearning - Correlation between input and output,55423380,4023951
232,54212645,7826511,Artur M&#252;ller Romanov,How to configure tensorflow legacy/train.py model.cpk output interval,54376718,6154067
233,55533413,11277304,Sophie Crommelinck,How to select strategy to reduce overfitting?,55827001,11277304
234,55533413,11277304,Sophie Crommelinck,How to select strategy to reduce overfitting?,55543516,1967571
235,55318626,3604079,Hadi Rasekh,module &#39;tensorflow&#39; has no attribute &#39;logging&#39;,55318851,3604079
236,54255431,9277245,Ankish Bansal,InvalidArgumentError: cannot compute MatMul as input #0(zero-based) was expected to be a float tensor but is a double tensor [Op:MatMul],54255819,10921263
237,55421984,1653453,Ivan,Batch Normalization in tf.keras does not calculate average mean and average variance,57032720,11774761
238,55421984,1653453,Ivan,Batch Normalization in tf.keras does not calculate average mean and average variance,55442167,5786339
239,56820327,3604079,Hadi Rasekh,The name tf.Session is deprecated. Please use tf.compat.v1.Session instead,56820328,3604079
240,54200850,1559515,dhas,AttributeError: &#39;tuple&#39; object has no attribute &#39;type&#39; upon importing tensorflow,54526899,4943504
241,54200850,1559515,dhas,AttributeError: &#39;tuple&#39; object has no attribute &#39;type&#39; upon importing tensorflow,54397819,4767645
242,54200850,1559515,dhas,AttributeError: &#39;tuple&#39; object has no attribute &#39;type&#39; upon importing tensorflow,54227655,4549682
243,54200850,1559515,dhas,AttributeError: &#39;tuple&#39; object has no attribute &#39;type&#39; upon importing tensorflow,54227633,1973192
244,56507941,3552418,spacegoliath,How to trigger a python function inside a tf.keras custom loss function?,56508898,3552418
245,55925283,11406244,nadia,what is the difference between conv2d and Conv2D in Keras?,55930169,7201397
246,55256671,10715858,Andriy Rizhiy,How to install latest cuDNN to conda?,58350707,9905223
247,55256671,10715858,Andriy Rizhiy,How to install latest cuDNN to conda?,55647174,10887384
248,55256671,10715858,Andriy Rizhiy,How to install latest cuDNN to conda?,55285589,7492218
249,54881627,3041068,dontloo,"in tensorflow, how do I convert a list of indices to an indicator vector?",54882564,1373669
250,55299995,7431458,Burton2000,Exporting a frozen graph .pb file in Tensorflow 2,58040632,7679261
251,55299995,7431458,Burton2000,Exporting a frozen graph .pb file in Tensorflow 2,56597079,9257252
252,57253841,988709,tidy,from_logits=True and from_logits=False get different training result for tf.losses.CategoricalCrossentropy for UNet,57335132,2097240
253,57253841,988709,tidy,from_logits=True and from_logits=False get different training result for tf.losses.CategoricalCrossentropy for UNet,57304538,1714410
254,57253841,988709,tidy,from_logits=True and from_logits=False get different training result for tf.losses.CategoricalCrossentropy for UNet,57288223,11669446
255,56860180,9328846,edn,Tensorflow CUDA - CUPTI error: CUPTI could not be loaded or symbol could not be found,57592360,11125723
256,56860180,9328846,edn,Tensorflow CUDA - CUPTI error: CUPTI could not be loaded or symbol could not be found,56879016,9328846
257,56860180,9328846,edn,Tensorflow CUDA - CUPTI error: CUPTI could not be loaded or symbol could not be found,56862642,11731732
258,56557587,6700151,0spirit0,Why my one-filter convolutional neural network is unable to learn a simple gaussian kernel?,56558128,5368083
259,56557587,6700151,0spirit0,Why my one-filter convolutional neural network is unable to learn a simple gaussian kernel?,56557876,9393102
260,57930073,3954958,Fariborz Ghavamian,Keras Batchnormalization and sample weights,58051800,3954958
261,57930073,3954958,Fariborz Ghavamian,Keras Batchnormalization and sample weights,57983037,8788960
262,57930073,3954958,Fariborz Ghavamian,Keras Batchnormalization and sample weights,57967151,7454706
263,57812324,4396475,mpotma,Saving and loading multiple models with the same graph in TensorFlow Functional API,57832610,5140223
264,55926841,1352749,clifgray,"Convolving Across Channels in Keras CNN: Conv1D, Depthwise Separable Conv, CCCP?",56360396,8625500
265,55380219,4789373,FalconUA,Is tf.GradientTape in TF 2.0 equivalent to tf.gradients?,57602660,11530462
266,55761337,7758413,evaleria,module &#39;tensorflow.python.keras.api._v2.keras.layers&#39; has no attribute &#39;CuDNNLSTM&#39;,56772187,2455494
267,55432963,6842947,Ujjwal,A simple case of Graph visualization in TensorFlow 2.0,55433676,5154274
268,56730261,7934786,sariii,how to reshape text data to be suitable for LSTM model in keras,56880427,7934786
269,56730261,7934786,sariii,how to reshape text data to be suitable for LSTM model in keras,56838482,5094841
270,54586412,2904830,Elliot Robert,"Executing tensorflow python3 on remote server, subprocess can&#39;t interpret all of tensorflows input args. ImportError: No module named &#39;scripts&#39;",54640799,2904830
271,55224016,3468778,Amin Merati,ImportError: libcublas.so.10.0: cannot open shared object file: No such file or director,57193223,86294
272,55224016,3468778,Amin Merati,ImportError: libcublas.so.10.0: cannot open shared object file: No such file or director,56625572,10443041
273,55224016,3468778,Amin Merati,ImportError: libcublas.so.10.0: cannot open shared object file: No such file or director,55989946,5440132
274,55224016,3468778,Amin Merati,ImportError: libcublas.so.10.0: cannot open shared object file: No such file or director,55782472,3355803
275,55224016,3468778,Amin Merati,ImportError: libcublas.so.10.0: cannot open shared object file: No such file or director,55238537,3468778
276,54814113,4183914,lin,Invalid format string Tensorboard,54997112,8491761
277,54814113,4183914,lin,Invalid format string Tensorboard,54897238,11122636
278,54029556,8217561,Con,How to fix &quot;RuntimeError: Missing implementation that supports: loader&quot; when calling hub.text_embedding_column method?,54074674,3343339
279,55261785,9557357,Alda,NVidia drivers stopped working on AWS EC2 instance with Ubuntu 16.04 and Tesla K80 GPU,55388082,5150690
280,55261785,9557357,Alda,NVidia drivers stopped working on AWS EC2 instance with Ubuntu 16.04 and Tesla K80 GPU,55263365,11232572
281,57518057,226526,Kristopher Ives,How can I convert an image from pixels to one-hot encodings?,57568704,5140223
282,57518057,226526,Kristopher Ives,How can I convert an image from pixels to one-hot encodings?,57563310,1190882
283,56382500,373655,rob,Calculate recall for each class after each epoch in Tensorflow 2,56485026,423926
284,56382500,373655,rob,Calculate recall for each class after each epoch in Tensorflow 2,56461830,1735003
285,56382500,373655,rob,Calculate recall for each class after each epoch in Tensorflow 2,56382882,2154440
286,56357851,11210476,Alex,What is the difference between TF 2.0 Alpha and TF nightly preview?,56358348,2891324
287,55496289,10724050,Alice,How to fix &quot;AttributeError: module &#39;tensorflow&#39; has no attribute &#39;get_default_graph&#39;&quot;?,56427511,10651990
288,55496289,10724050,Alice,How to fix &quot;AttributeError: module &#39;tensorflow&#39; has no attribute &#39;get_default_graph&#39;&quot;?,55497342,10724050
289,55496289,10724050,Alice,How to fix &quot;AttributeError: module &#39;tensorflow&#39; has no attribute &#39;get_default_graph&#39;&quot;?,55496390,9032957
290,55081911,10595337,Tawej,Tensorflow 2.0.0-alpha0: tf.logging.set_verbosity,55086116,5154274
291,55081911,10595337,Tawej,Tensorflow 2.0.0-alpha0: tf.logging.set_verbosity,55082119,5786339
292,56961856,11762082,Javier,How to write to TensorBoard in TensorFlow 2,56961915,5668710
293,56690089,9820369,Colin Steidtmann,How to graph tf.keras model in Tensorflow-2.0?,56698035,2891324
294,56690089,9820369,Colin Steidtmann,How to graph tf.keras model in Tensorflow-2.0?,56690364,4909087
295,56276627,8244247,Joseph Budin,How to raise an exception for a tensorflow out of memory error,56276956,8150685
296,54823475,9744785,ptamas90,Tensorflow Object Detection - Convert .pb file to tflite,54862759,7699679
297,56195865,4561745,PrasannaDate,Tensorflow Placeholders vs Tensorflow Constants vs Numpy Arrays,56197481,9393102
298,56195865,4561745,PrasannaDate,Tensorflow Placeholders vs Tensorflow Constants vs Numpy Arrays,56196298,867889
299,54888445,11118883,Bekaert L,How can i use tensorflow object detection to only detect persons?,54929080,1621414
300,54196469,4948889,Jaffer Wilson,Tensorflow predict the class of output,54240210,5495381
301,55917327,1439305,h22,Why does TensorFlow recommends the &quot;functional style for constructing operations&quot;?,55917645,817643
302,57704771,880783,bers,Inputs to eager execution function cannot be Keras symbolic tensors,57707690,880783
303,56963060,1217998,Souradeep Nanda,Keras: What is the difference between model and layers?,56964960,349130
304,56963060,1217998,Souradeep Nanda,Keras: What is the difference between model and layers?,56964033,367273
305,56801148,5116025,Orest Xherija,Unexpected results with CuDNNLSTM (instead of LSTM) layer,56911404,7454706
306,56684040,8531487,Sai Raghuram Kaligotla,Does TensorFlow.js use the GPU for computations?,56684875,2455494
307,55924331,4352606,Tai Christian,How to apply Guided BackProp in Tensorflow 2.0?,56039605,8346078
308,55210684,5748367,Bobson Dugnutt,Feature-wise scaling and shifting (FiLM layer) in Keras,55220399,5748367
309,55141076,7169491,himanshurawlani,How to apply data augmentation in TensorFlow 2.0 after tfds.load(),55598136,10886420
310,54025104,7886651,I. A,How to retrieve examples from multiple tfrecords in tensorflow while using initializable iterator,54082831,7886651
311,57581670,7934786,sariii,how can I get top smallest tensor values based on a condition in tensorflow,57583348,8380272
312,55650121,9163366,cnash,How to implement a custom keras layer that only keeps the top n values and zeros out all the rest?,55651144,5154274
313,55434004,2366849,Adam Hodgson,Create a custom federated data set in TensorFlow Federated,55462901,14692
314,55133700,5865579,jason,How to transfer the following tensorflow code into pytorch,55191819,7805917
315,54805568,10922166,Mob,Too Much Memory Issue with Semantic Image Segmentation NN (DeepLabV3+),54924192,10951310
316,54374956,3987085,gorjan,Tensorflow: Replicating dynamic_rnn behaviour with raw_rnn,54382598,1803124
317,57827274,11731187,ElPapi42,Keras Autoencoder: Tying Weights from Encoder To Decoder not working,57833267,5140223
318,57827274,11731187,ElPapi42,Keras Autoencoder: Tying Weights from Encoder To Decoder not working,57828731,9393102
319,56263870,11541245,Marcin Koz≈Çowski,How to rewrite a tensorflow graph to use CPU for all operations,56269928,4462831
320,55181044,9636774,Utsav Patel,Keras Custom Layer: ValueError: An operation has `None` for gradient,55431517,9636774
321,55181044,9636774,Utsav Patel,Keras Custom Layer: ValueError: An operation has `None` for gradient,55198619,5786339
322,54912571,2965599,Andrew Cassidy,ML Engine Batch Prediction running on wrong python version,56343354,2965599
323,56689337,2544048,DrkStr,Quantization-aware training in Tensorflow using the highlevel keras api,56799631,10668553
324,55392100,8493740,polmonroig,Install Tensorflow 2.0 in conda enviroment,58591933,3017342
325,55392100,8493740,polmonroig,Install Tensorflow 2.0 in conda enviroment,58221449,5931672
326,55392100,8493740,polmonroig,Install Tensorflow 2.0 in conda enviroment,56604176,6394698
327,55392100,8493740,polmonroig,Install Tensorflow 2.0 in conda enviroment,55392567,10580541
328,55392100,8493740,polmonroig,Install Tensorflow 2.0 in conda enviroment,55392433,402079
329,55178230,433570,eugene,What is the difference between keras and tf.keras?,55178699,2891324
330,55178230,433570,eugene,What is the difference between keras and tf.keras?,55178567,3197668
331,57985406,11332292,Christophorus Reyhan,Cannot import name &#39;tf_utils&#39; when using importing keras,58521094,12262626
332,57985406,11332292,Christophorus Reyhan,Cannot import name &#39;tf_utils&#39; when using importing keras,57985905,11332292
333,55268762,9673730,Mark.F,How to accumulate gradients for large batch sizes in Keras,56946898,6055798
334,55268762,9673730,Mark.F,How to accumulate gradients for large batch sizes in Keras,55281501,9673730
335,54347963,2378622,HelpASisterOut,&#39;tf&#39; is not defined on load_model() - using lambda,57062863,7846405
336,54347963,2378622,HelpASisterOut,&#39;tf&#39; is not defined on load_model() - using lambda,54348035,5495381
337,54347963,2378622,HelpASisterOut,&#39;tf&#39; is not defined on load_model() - using lambda,54348075,6280540
338,54614299,139150,shantanuo,Tensor object has no attribute keras_shape,58628399,12226012
339,54614299,139150,shantanuo,Tensor object has no attribute keras_shape,54628352,10809912
340,54093424,7611029,tehtea,Why is TensorFlow Lite slower than TensorFlow on desktop?,54137730,606314
341,54231440,8038245,MachineLearningGod,Define custom LSTM Cell in Keras?,54231866,1462770
342,58001774,4790871,David Parks,Tensorflow get the default device name,58108256,9828197
343,58001774,4790871,David Parks,Tensorflow get the default device name,58157571,4790871
344,57438856,3736306,yuqli,tf.constant_initializer() vs tf.global_variables_initializer(),57440644,10400883
345,57438856,3736306,yuqli,tf.constant_initializer() vs tf.global_variables_initializer(),57441807,3987085
346,57438856,3736306,yuqli,tf.constant_initializer() vs tf.global_variables_initializer(),57440111,9393102
347,56557084,3041068,dontloo,"when restoring from a checkpoint, how can I change the data type of the parameters?",56664852,1782792
348,56006614,7766158,Nakeuh,Doing Multi-Label classification with BERT,56008069,5652313
349,55125977,6202519,Andrii Zymohliad,How to build TensorFlow Lite as a static library and link to it from a separate (CMake) project?,55144057,6202519
350,57488150,3616293,Arun,tensorflow warning for data types,57998742,3752281
351,57488150,3616293,Arun,tensorflow warning for data types,57488298,901925
352,56774103,3987085,gorjan,Dot product between two 3D tensors,56782131,901925
353,56774103,3987085,gorjan,Dot product between two 3D tensors,56774510,9274732
354,56774103,3987085,gorjan,Dot product between two 3D tensors,56774334,3275464
355,55627995,6510273,Florida Man,Keras2 ImageDataGenerator or TensorFlow tf.data?,55628807,9457030
356,55627995,6510273,Florida Man,Keras2 ImageDataGenerator or TensorFlow tf.data?,58231402,6117017
357,55627995,6510273,Florida Man,Keras2 ImageDataGenerator or TensorFlow tf.data?,55628241,5786339
358,55526797,5902558,Michael Bedford,TensorFlow object detection fails on Xamarin Android with a reshape issue,55612809,5902558
359,55303156,10249197,Jens Caasen,Keras h5 to Tensorflow serving in 2019?,55303277,3214872
360,54830869,1179925,mrgloom,Understanding tf.contrib.lite.TFLiteConverter quantization parameters,58096430,834565
361,54830869,1179925,mrgloom,Understanding tf.contrib.lite.TFLiteConverter quantization parameters,54918316,8049751
362,57349403,8100895,Jonathan,Different image dimensions during training and testing time for FCNs,57350483,1699075
363,57246091,3926152,CrazyBrazilian,How to cast int32 tensor to float32,57246186,3641067
364,55908329,4411131,o1-steve,Tensorflow - ValueError: Output tensors to a Model must be the output of a TensorFlow `Layer`,55909446,5154274
365,55532683,11303808,Emma,Why is TimeDistributed not needed in my Keras LSTM?,55533761,3584765
366,55431344,7248145,christk,Combine tf.keras.layers with Tensorflow low level API,55431562,5154274
367,57478698,290443,MikeRand,How can I make TensorFlow 2.0 handle piecewise gradients (e.g. across `tf.gather`)?,57479139,1782792
368,56896230,7850499,Maybe,Why would this dataset implementation run out of memory?,56897580,2455494
369,55577711,7156572,Sithling,Keras model.predict() slower on first iteration then gets faster,55577921,4297035
370,55455824,9662374,Th&#246;mi Mendelin,How to run TF object detection API model_main.py in evaluation mode only,55504908,8229032
371,55425811,9754177,MasterYoda,Implementing Intersection over Union Loss Using Tensorflow,55438598,5786339
372,54830126,1179925,mrgloom,What does &#39;quantization&#39; mean in interpreter.get_input_details()?,54902343,8049751
373,54575714,11028575,rsm,Combining Keras model.fit&#39;s `steps_per_epoch` with TensorFlow&#39;s Dataset API&#39;s `batch()`,54576279,1900721
374,54003848,2149707,Marumba,Custom loss function works even though dimensions mismatch,54005985,9883438
375,57846553,4028648,EmielBoss,TensorFlow: How can I inspect gradients and weights in eager execution?,57886724,5140223
376,57279754,11860666,albertNod,"What are the Tensorflow qint8, quint8, qint32, qint16, and quint16 datatypes?",57413676,11530462
377,56800910,11674382,Jeeva Bharathi,How to use trained BERT model checkpoints for prediction?,56818093,8893595
378,56800910,11674382,Jeeva Bharathi,How to use trained BERT model checkpoints for prediction?,56813001,11411463
379,55929960,8360375,ya9do,What is the best way to handle large data with Tensorflow.js and tf.Tensor?,55935943,5627599
380,55929960,8360375,ya9do,What is the best way to handle large data with Tensorflow.js and tf.Tensor?,55940423,5069957
381,55672644,4426009,Hamid Heydarian,"expected input_1 to have 3 dimensions, but got array with shape (3, 4)",56179512,3595278
382,55672644,4426009,Hamid Heydarian,"expected input_1 to have 3 dimensions, but got array with shape (3, 4)",55762386,4426009
383,55618892,3516936,Neo,"How to get number of rows, columns /dimensions of tensorflow.data.Dataset?",55620373,5154274
384,55457045,10710212,John Brown,Dropout layer directly in tensorflow: how to train?,55458070,5154274
385,55457045,10710212,John Brown,Dropout layer directly in tensorflow: how to train?,55457815,5786339
386,55375416,4844311,berkelem,Tensorflow model.fit() using a Dataset generator,55379910,4844311
387,55248631,2119562,yesman,Tensorflow can&#39;t assign a device for operation,55455490,4075155
388,55193860,3337089,Nagabhushan S N,Keras - LeakyReLU has no attribute name error when saving model,55194353,11065347
389,54606302,587021,A T,tf.data.Dataset from tf.keras.preprocessing.image.ImageDataGenerator.flow_from_directory?,54607040,2641587
390,54495686,2451763,Sparker0i,Obtain input_array and output_array items to convert model to tflite format,54499508,10878733
391,54284107,8917137,Noah,Where can I find the source code of tensorflow_lite_gpu?,54315586,10952155
392,54215981,10420509,Alberto Mart&#237;n,"tf.gradients(model.output, model.input) computes a different value each time I run it",54217911,7059474
393,54207324,10918873,llo14,"Writing this exotic NN architecture with keras, tensorflow and python",54221111,2097240
394,54165937,10712505,ml888,What exactly does tf.expand_dims do to a vector and why can results be added together even when matrix shapes are different?,54166798,7389608
395,54093950,1866775,Tobias Hermann,How to experiment with custom 2d-convolution kernels in Keras?,54095615,9883438
396,54093950,1866775,Tobias Hermann,How to experiment with custom 2d-convolution kernels in Keras?,54094836,1782792
397,57965732,7212365,zihaozhihao,Why are gradients incorrect for categorical crossentropy?,58403997,10133797
398,57851309,3504926,Paulo Ribeiro,Google Coral Edge TPU compiled model - Inference always almost the same,57931622,9867252
399,57350786,3674176,hichame.yessou,Correct Ranking Loss Implementation,57419121,5140223
400,56104861,9839954,Tina Liu,How can I validate the segment_ids argument of tf.unsorted_segments_max?,56105459,3767239
401,56069319,11478452,Daniel B.,"How to fix &quot;ValueError: Operands could not be broadcast together with shapes (2592,) (4,)&quot; in Tensorflow?",56070690,7389608
402,55648920,7560008,MerklT,Setting Keras Variables in Generator,55651130,423926
403,55421290,820833,andy,TensorFlow 2.0 Keras: How to write image summaries for TensorBoard,55754700,10886420
404,55421290,820833,andy,TensorFlow 2.0 Keras: How to write image summaries for TensorBoard,55719737,1471022
405,55220116,10285105,DeepLearner,Converting sparse tensor dense shape into an integer value in tensorflow,55220809,5154274
406,54822156,9328846,edn,tensorflow keras embedding lstm,54831550,5140223
407,54610806,7517192,Alex,tf.keras: Evaluating model.updates breaks when using a tf.data.Dataset as input,54836270,7517192
408,54520051,10322320,Val,Should I return dataset directly or should i use one_shot iterator instead?,54521758,9415153
409,54366838,6083655,ShellRox,Special function on feature maps of convolutional layer,54369774,9277245
410,54332316,5265527,Pierangelo Calanna,Running multiple tensorflow sessions subsequently,54333825,8593338
411,54332316,5265527,Pierangelo Calanna,Running multiple tensorflow sessions subsequently,54332470,1868775
412,54026623,10851981,Ralf S&#252;rig,AWS Sagemaker - ClientError: Data download failed,57010202,10824677
413,54026623,10851981,Ralf S&#252;rig,AWS Sagemaker - ClientError: Data download failed,56997160,10824677
414,54026623,10851981,Ralf S&#252;rig,AWS Sagemaker - ClientError: Data download failed,54100353,10392672
415,54026623,10851981,Ralf S&#252;rig,AWS Sagemaker - ClientError: Data download failed,54036391,4476294
416,57108959,5931672,Agustin Barrachina,How does tf.gradients manages non-holomorphic functions?,58098418,5931672
417,56910950,4790871,David Parks,Keras predict loop memory leak using tf.data.Dataset but not with a numpy array,56916421,4790871
418,55276696,8858832,Niteya Shah,Convert a variable sized numpy array to Tensorflow Tensors,56518152,472876
419,55276696,8858832,Niteya Shah,Convert a variable sized numpy array to Tensorflow Tensors,55299273,8858832
420,54652536,4166932,Matthew Conradie,"Keras (Tensorflow backend) Error - Tensor input_1:0, specified in either feed_devices or fetch_devices was not found in the Graph",54672965,4166932
421,55106805,6714608,ABCD,tf.loadModel is not a function,56083801,8860764
422,55106805,6714608,ABCD,tf.loadModel is not a function,55107561,5597718
423,55908188,1269281,bachr,This model has not yet been built error on model.summary(),57176122,8375120
424,55908188,1269281,bachr,This model has not yet been built error on model.summary(),55909624,5154274
425,55322754,867889,y.selivonchyk,How to do weight initialization by Xavier rule in Tensorflow 2.0?,55324360,2891324
426,55322754,867889,y.selivonchyk,How to do weight initialization by Xavier rule in Tensorflow 2.0?,55323065,3987085
427,55236063,11043686,Ayush Kushwaha,AttributeError: module &#39;tensorflow&#39; has no attribute &#39;get_default_graph&#39;,57791552,11708503
428,55236063,11043686,Ayush Kushwaha,AttributeError: module &#39;tensorflow&#39; has no attribute &#39;get_default_graph&#39;,57764121,11708503
429,55236063,11043686,Ayush Kushwaha,AttributeError: module &#39;tensorflow&#39; has no attribute &#39;get_default_graph&#39;,55887429,10353697
430,54913830,6197534,Glen E. Renner,what&#39;s the difference between &quot;import keras&quot; and &quot;import tensorflow.keras&quot;,54914559,5786339
431,54836522,2543622,user2543622,keras understanding Word Embedding Layer,54868404,2097240
432,54440226,5048010,Gianluca Micchi,Using TFRecords with keras,54440703,5495381
433,54440226,5048010,Gianluca Micchi,Using TFRecords with keras,54440635,2641587
434,56340158,9144990,mrzo,Select from a 3-dimensional array with a 2-dimensional array,56341613,7389608
435,56340158,9144990,mrzo,Select from a 3-dimensional array with a 2-dimensional array,56340250,9698684
436,56340158,9144990,mrzo,Select from a 3-dimensional array with a 2-dimensional array,56340373,1782792
437,56340158,9144990,mrzo,Select from a 3-dimensional array with a 2-dimensional array,56340303,11015427
438,55434653,1930737,Aviv Moshe Albeg,Batch Normalization doesn&#39;t have gradient in tensorflow 2.0?,55436103,9393102
439,55424906,8100895,Jonathan,Building SVM with tensorflow&#39;s LinearClassifier and Panda&#39;s Dataframes,55505963,423926
440,55424906,8100895,Jonathan,Building SVM with tensorflow&#39;s LinearClassifier and Panda&#39;s Dataframes,55473205,7985142
441,55324762,11037865,Rstynbl,The added layer must be an instance of class Layer. Found: &lt;tensorflow.python.keras.engine.input_layer.InputLayer object at 0x000001FA104CBB70&gt;,58191504,6036772
442,55324762,11037865,Rstynbl,The added layer must be an instance of class Layer. Found: &lt;tensorflow.python.keras.engine.input_layer.InputLayer object at 0x000001FA104CBB70&gt;,55325491,5597718
443,54775246,2230045,Spen,Slice every item except every nth,54775632,2956066
444,54775246,2230045,Spen,Slice every item except every nth,54775402,4983450
445,54775246,2230045,Spen,Slice every item except every nth,54775435,7077050
446,54577083,7374225,Max_Hasan,Cannot connect to X server GOOGLE COLAB,58355452,8497354
447,54577083,7374225,Max_Hasan,Cannot connect to X server GOOGLE COLAB,56800018,9481613
448,54577083,7374225,Max_Hasan,Cannot connect to X server GOOGLE COLAB,54579413,10953776
449,54519309,7248145,christk,Split .tfrecords file into many .tfrecords files,54519940,1782792
450,54145072,4729764,GRS,"Changing states of Keras stateful RNN model, layers and methods after creating an Estimator",54254570,10886420
451,54145072,4729764,GRS,"Changing states of Keras stateful RNN model, layers and methods after creating an Estimator",54214506,5884955
452,57662781,930254,MAltakrori,cannot install tensorflow-text using pip despite having tensorflow 2.0.0-beta1 installed,57663358,2650249
453,56615277,7212365,zihaozhihao,Why does this operation execute faster on CPU than GPU?,56616543,867889
454,56298564,2259468,EngrStudent,Autofilter for Time Series in Python/Keras using Conv1d,56498324,9794742
455,55780123,11006135,Bhushan Jagtap,Import tensorflow failed with Error no attribute &#39;HIDDEN_ATTRIBUTE&#39;,55786265,7114624
456,55780123,11006135,Bhushan Jagtap,Import tensorflow failed with Error no attribute &#39;HIDDEN_ATTRIBUTE&#39;,55953396,7569024
457,55780123,11006135,Bhushan Jagtap,Import tensorflow failed with Error no attribute &#39;HIDDEN_ATTRIBUTE&#39;,55811865,5287913
458,55645953,3084689,jaqqz,Shape of tensorflow dataset data in keras (tensorflow 2.0) is wrong after conversion from np array,55647075,2891324
459,54824768,1150683,Bram Vanroy,RNN model (GRU) of word2vec to regression not learning,54895171,10886420
460,54416322,10242641,mht,"expected ndim=3, found ndim=2",54416792,5825953
461,57891504,7327257,M. Merida-Floriano,Tensorflow: fill tensor inside a function,57891832,1782792
462,55834790,1654930,Phate,ImageDataGenerator: how to add the 4th dimension to a numpy array?,55836426,2956066
463,55834790,1654930,Phate,ImageDataGenerator: how to add the 4th dimension to a numpy array?,55834882,5154274
464,55764694,7469434,IonicSolutions,How to use gradient_override_map in Tensorflow 2.0?,55799378,3574081
465,55683348,8078072,Jingnan Lai,tf.keras.Model.predict and call return different result,55683915,10921263
466,55680101,11255365,qinlong,"tensorflow 2.0, when calling the function two variables given, but, when defining the function, there is no variables",55680232,9483495
467,55193486,10133610,WilliamsM,Tensorflow object detection next steps,55196020,1621414
468,55060736,583464,George,tensorflow 2 api regression tensorflow.python.framework.ops.EagerTensor&#39; object is not callable,55150833,2966061
469,55010794,239879,Shamoon,How can I compute class weights for an output that has 4 neurons with keras?,55102059,10886420
470,55010794,239879,Shamoon,How can I compute class weights for an output that has 4 neurons with keras?,55100676,2097240
471,55010794,239879,Shamoon,How can I compute class weights for an output that has 4 neurons with keras?,55070106,6901690
472,55010794,239879,Shamoon,How can I compute class weights for an output that has 4 neurons with keras?,55069764,366553
473,54865717,3861775,Samuel,Tensorflow: Crop largest central square region of image,54866162,9883438
474,54865717,3861775,Samuel,Tensorflow: Crop largest central square region of image,54866705,2641587
475,54865717,3861775,Samuel,Tensorflow: Crop largest central square region of image,54866398,1782792
476,54543510,5920668,I-was-a-Ki,Inplementation of LSTM in Keras,54546582,3302563
477,54543510,5920668,I-was-a-Ki,Inplementation of LSTM in Keras,54543738,3987085
478,54543510,5920668,I-was-a-Ki,Inplementation of LSTM in Keras,54543654,2161778
479,54479770,72583,Jakub Arnold,Is it ok to call `tape.watch(x)` when `x` is already a `tf.Variable` in TensorFlow?,54481232,1782792
480,54427551,4877104,maccN,How to preprocess training set for VGG16 fine tuning in Keras?,54427721,5495381
481,54232426,1492229,asmgx,cannot install tensorflow on anaconda,54233963,7730044
482,54232426,1492229,asmgx,cannot install tensorflow on anaconda,54233151,3572842
483,54196149,4850133,Nikita Makarov,How to use indices from tf.nn.top_k with tf.gather_nd?,54197366,1782792
484,54151981,1273987,Ziofil,Why does AdamOptimizer seem not apply the correct gradient?,54152233,5763590
485,54069363,2084944,Tik0,Output multiple losses added by add_loss in Keras,55025570,7405530
486,54069363,2084944,Tik0,Output multiple losses added by add_loss in Keras,54109533,2084944
487,58096095,12118244,RobGMSN,How does tf.audio.decode_wav get its contents?,58097046,5786339
488,57414387,11541912,Michaela,Meaning of tf.keras.layers.LSTM parameters,57422682,1699075
489,57318930,8946701,Abid Orucov,calculating the number of parameters of a GRU layer (Keras),57321065,7389608
490,56977277,11766668,kitty,Default Adam optimizer doesn&#39;t work in tf.keras but string `adam` does,56977650,5668710
491,56977277,11766668,kitty,Default Adam optimizer doesn&#39;t work in tf.keras but string `adam` does,56977623,5298937
492,56851298,9328846,edn,tensorboard - tensorflow.python.framework.errors_impl.NotFoundError:,56851524,9328846
493,56137353,9039646,DINA TAKLIT,"Cannot feed value of shape (100, 1) for Tensor &#39;input/Y:0&#39;, which has shape &#39;(?,)&#39;",56175272,9039646
494,55863106,10870968,Alex Deft,How to build this custom layer in Keras?,55865378,9565342
495,55863106,10870968,Alex Deft,How to build this custom layer in Keras?,55863568,349130
496,55829593,1587329,serv-inc,Convert output of retrain.py to tensorflow.js,56340746,1587329
497,55829593,1587329,serv-inc,Convert output of retrain.py to tensorflow.js,55830563,5069957
498,55734820,3236215,IVR,Running simple regression in base Tensorflow 2.0,55735643,5154274
499,55572607,10345968,peter bence,What is the difference between tf-nightly-gpu and tensorflow-gpu,55572687,453616
500,55569181,11277304,Sophie Crommelinck,Why is accuracy from fit_generator different to that from evaluate_generator in Keras?,56276963,9849170
501,55569181,11277304,Sophie Crommelinck,Why is accuracy from fit_generator different to that from evaluate_generator in Keras?,55574447,11277304
502,55569181,11277304,Sophie Crommelinck,Why is accuracy from fit_generator different to that from evaluate_generator in Keras?,55570856,8625500
503,55442053,1435046,beginh,"Keras custom layer not returning weights, unlike normal layer",55442663,5154274
504,55442053,1435046,beginh,"Keras custom layer not returning weights, unlike normal layer",55442298,5499527
505,55324643,433570,eugene,how to upgrade tensorflow after installing it using conda?,56693739,11390620
506,55281836,7540723,Hajdu G&#225;bor,Tensorflow with c++ per_process_gpu_memory_fraction not working,55337033,2604336
507,55181222,11190642,Yusuf Altƒ±parmak,How to make tensorflow object detection faster-r cnn model work on Android?,55184293,2641587
508,55094952,10726895,pranav,Understanding Tensorflow control dependencies,55099970,1782792
509,55085487,82898,T.R.,"What is &quot;valency&quot;, with regards to machine learning?",55350042,2540707
510,54953856,2547172,Vaibhav,"Getting error &#39;File &quot;&lt;frozen importlib._bootstrap&gt;&quot;, line 968, in _find_and_load&#39; while importing tensorflow",54953886,7131757
511,54540018,2243184,physicist,What does tensorflow&#39;s tables_initializer do?,54540460,1782792
512,54476186,4345719,johni07,Tensorflow / Keras mean image subtraction,54477107,2641587
513,54432394,6919063,Jacob B,Keras getting different results with set seed,54446073,5884955
514,54432394,6919063,Jacob B,Keras getting different results with set seed,54447439,6919063
515,54199284,4541944,Isaac,"Filter by index and flattened in numpy, like tf.sequence_mask",54199566,9698684
516,54199284,4541944,Isaac,"Filter by index and flattened in numpy, like tf.sequence_mask",54199509,4932316
517,54122837,9134476,Roshni Amber,Retrain a saved model in Keras that was trained using train_on_batch(),54125540,9134476
518,58001456,1917160,Artem Mavrin,TensorFlow Keras &#39;accuracy&#39; metric under the hood implementation,58001684,1917160
519,57999225,567620,ely,How to access sample weights in a Keras custom loss function supplied by a generator?,58599783,4867484
520,57999225,567620,ely,How to access sample weights in a Keras custom loss function supplied by a generator?,58002329,2097240
521,57925061,1519955,Pop,How can I reduce the number of CPUs used by Tensorlfow/Keras?,57933374,5597718
522,57925061,1519955,Pop,How can I reduce the number of CPUs used by Tensorlfow/Keras?,57926618,8234169
523,57786303,6878758,Kalpit,Custom metric for Semantic segmentation,58301761,6878758
524,57771706,12010696,Hans-Ulrich Rudel,Why is accuracy and loss staying exactly the same while training?,57775320,12010696
525,57771706,12010696,Hans-Ulrich Rudel,Why is accuracy and loss staying exactly the same while training?,57772330,8563649
526,57616698,3736306,yuqli,tensorflow pass numpy array to graph using placeholder vs tf.convert_to_tensor(),57625380,3987085
527,57616698,3736306,yuqli,tensorflow pass numpy array to graph using placeholder vs tf.convert_to_tensor(),57625264,10878733
528,57396212,5535604,Anton,SageMaker and TensorFlow 2.0,57796296,9074534
529,57396212,5535604,Anton,SageMaker and TensorFlow 2.0,57517194,11530462
530,57180479,3201721,VinceDMG,Tensorflow serving OOMKilled or Evicted pod with Kubernetes,57288305,3201721
531,56899105,4958717,dsalaj,How to use regularizer argument in tf.get_variable?,56899286,3214872
532,56898069,7655027,Hassam,How to use tensorflow-hub module with tensorflow-dataset api,56902653,2455494
533,56897557,1886357,eric,Tensorflow record: how to read and plot image values?,56932321,5140223
534,56897557,1886357,eric,Tensorflow record: how to read and plot image values?,56930307,11666391
535,56762433,1419123,pythOnometrist,Keras: Share a layer of weights across Training Examples (Not between layers),56773975,5118431
536,56762433,1419123,pythOnometrist,Keras: Share a layer of weights across Training Examples (Not between layers),56768563,5298937
537,56746191,1133286,solvingPuzzles,"Why are the matrices in BERT called Query, Key, and Value?",56819096,7059474
538,56690465,7886651,I. A,Is keras based on closures in python?,56691467,5668710
539,56690465,7886651,I. A,Is keras based on closures in python?,56693530,1440565
540,56616151,5113410,Douglas Rehm,Remove values from a tensor that are within a given range,56616210,4909087
541,56580538,4788501,Josef Korbel,TF keras API with TF dataset problem - steps_per_epoch argument problem,56755637,4788501
542,56575293,11640774,s0x,Validation loss is lower than training loss training LSTM,56575745,6117017
543,56438154,11597209,Playergod,Convert Keras model to C,56438210,11478354
544,56404956,5856770,viru,Adding consecutive elements across dimension in tensorflow,56411207,4255553
545,56340103,10929548,Newo,Does image file type matter in terms of accuracy or speed when training/evaluating in machine learning?,56341569,2455494
546,56168830,10168321,Xeyes,How to reduce a neural network output when a certain action isn&#39;t performable,56225354,5228890
547,55865891,1447953,Ben Farmer,Optimise function for many pseudodata realisations in TensorFlow 2,55923875,1447953
548,55771134,4727788,Ryan Lehmkuhl,Dynamic Activation Function in Keras,55772168,7389608
549,55727760,7105492,Claudio Davi,How fix &#39;The given object is not an Optimizer instance&#39; when using Tensorflow-2.0 tf.optimizers?,55747451,5154274
550,55727760,7105492,Claudio Davi,How fix &#39;The given object is not an Optimizer instance&#39; when using Tensorflow-2.0 tf.optimizers?,55734337,7105492
551,55727760,7105492,Claudio Davi,How fix &#39;The given object is not an Optimizer instance&#39; when using Tensorflow-2.0 tf.optimizers?,55731662,11374868
552,55682941,10227526,LinTIna,How to debug keras in tensorflow 2.0?,55685145,2891324
553,55663594,10378403,Sun Tianyi,ValueError: setting an array element with a sequence. On Keras model.fit,55663750,2653663
554,55583130,1050648,HuckleberryFinn,Tensorflow 2.0 Keras Model subclassing,55589529,5154274
555,55518033,6617195,KKK,Where can I find tensorflow.contrib.layers for TensorFlow 2.0,55524156,867889
556,55518033,6617195,KKK,Where can I find tensorflow.contrib.layers for TensorFlow 2.0,55518399,5154274
557,55518033,6617195,KKK,Where can I find tensorflow.contrib.layers for TensorFlow 2.0,55518654,5652313
558,55491846,6791416,psj,Keras - How to get time taken by each layer in training?,55492933,4755954
559,55464511,11295709,Kirill Kalash,Deploying tensorflow model to GCP without docker,55480034,328036
560,55321864,11249772,Ivan Lorusso,AttributeError: The layer has never been called and thus has no defined input shape,55570803,10886420
561,55244579,10463548,Trevor Stewart,Group tensorflow dataset by key and batch by key,55245628,1782792
562,55161550,583464,George,valuerror attemp to convert a value (type model) to a tensor,55172149,2966061
563,55116477,6691064,vikash singh,Getting exception while using tf.placeholder in TensorFlow,55116616,3090511
564,54981462,9999035,Ram Shanker G,Converting Keras model as tensorflow model gives me error,54997427,10921263
565,54819947,8413477,Mr. Nobody,Defining custom gradient as a class method in Tensorflow,54825044,1782792
566,54819947,8413477,Mr. Nobody,Defining custom gradient as a class method in Tensorflow,54824695,1373669
567,54723912,3861775,Samuel,Tensorflow: Extracting image and label from TFRecords file,54725258,2641587
568,54723912,3861775,Samuel,Tensorflow: Extracting image and label from TFRecords file,54725298,5786339
569,54688502,11061454,jan,neural network does not learn (loss stays the same),54688983,2097240
570,54668364,11055762,DylanG,TensorFlow import data for linear regression,54675285,11055762
571,54668364,11055762,DylanG,TensorFlow import data for linear regression,54673843,5786339
572,54235468,10311158,Moritz,Android TensorFlow Lite interpreter: How to fix &quot;DataType error: cannot resolve DataType of java.lang.Float&quot;,54236953,9883438
573,54194053,9565342,NShiny,"AttributeError: Layer has no inbound nodes, or AttributeError: The layer has never been called",54194436,1462770
574,54072496,6488190,junkmaster,Explaining CNN (Keras) outputs with LIME,54706978,6488190
575,54072496,6488190,junkmaster,Explaining CNN (Keras) outputs with LIME,54074266,6341510
576,58171081,3851047,Marko Karbevski,Tensorflow custom layer: Creating a sparse matrix with trainable parameters,58223071,9828197
577,58137816,12131586,user12131586,using tensorflow inside docker with gpu,58167401,9218240
578,58043843,2155179,jessica,Installing Keras/Tensor Flow on R,58044175,4752675
579,57721324,11768065,drfilip,Is it possible to specify scalar plot colours on Tensorboard?,57721344,9273406
580,57709398,4227746,m.i.n.a.r.,Using simple models on Google Trends data to predict something doesn&#39;t work as expected,57713462,3190076
581,57483565,5272461,Ali Gadimi,Regression with convnet on image using keras - accuracy can&#39;t increase more than 40%,57486429,11162165
582,57483565,5272461,Ali Gadimi,Regression with convnet on image using keras - accuracy can&#39;t increase more than 40%,57484069,11919358
583,57483565,5272461,Ali Gadimi,Regression with convnet on image using keras - accuracy can&#39;t increase more than 40%,57483618,10023182
584,57387169,11893504,user11893504,Getting the diagonal elements of only part of a Tensor,57390091,1782792
585,57304185,11867828,Èô≥Âª∫Âã§,Keras custom loss function (elastic net),57320969,2099607
586,57240208,5531816,Stanley,How to substract two tensor with mask in Tensorflow?,57241492,5810950
587,57236922,9845070,SuperHihi,What does reshape on an image actually do?,57237613,11522398
588,57187710,11831676,Jo37,Decorating with @tf.function changes if condition output,57196156,2455494
589,56981200,6642021,Howard Wang,Flattening tuple of images in tensorflow dataset,56982760,2455494
590,56936189,10748773,I. Schubert,Reparametrization in tensorflow-probability: tf.GradientTape() doesn&#39;t calculate the gradient with respect to a distribution&#39;s mean,56943289,5140223
591,56928928,7776975,itachi737,TensorFlow Keras Custom Callbacks on_test_begin doesn&#39;t override itself,56929322,5495304
592,56888781,7484435,Alex Yefimov,Tensorflow NotFoundError: libtensorflow_framework.so: cannot open shared file or directory,57511296,5879698
593,56888781,7484435,Alex Yefimov,Tensorflow NotFoundError: libtensorflow_framework.so: cannot open shared file or directory,57510739,11869182
594,56779949,888624,Chris,Unable to go from tf.keras model -&gt; quantized frozen graph -&gt; .tflite with TOCO,56841250,888624
595,56722720,2544048,DrkStr,Trouble loading model after Post-training quantisation,56814309,6642182
596,56681738,8512669,Leow,how to use for loop in tensorflow/keras when using tf.keras functional API?,56685250,2455494
597,56554988,6997665,learner,How to instantiate a neural network parameter with tensor?,56555213,921729
598,56433993,7934786,sariii,Getting error while adding embedding layer to lstm autoencoder,56490468,1699075
599,56370298,10609482,PC9494,How do I write a Tensorflow custom op containing a persistent C++ object?,56386085,10609482
600,56291918,2680707,Ricardo Cruz,TensorFlow: slicing tensor with a list using placeholders,56295402,1782792
601,56133254,626537,clstaudt,UnboundLocalError when fitting neural network - TensorFlow bug?,56134710,867889
602,56096120,5349476,John M.,What does DeepLab&#39;s --train_crop_size actually do?,56277186,10951310
603,56096120,5349476,John M.,What does DeepLab&#39;s --train_crop_size actually do?,56106652,867889
604,56093768,4025960,Green678,Tensorflow (1.13.1) Exception when import: DLL load failed (Windows 10),57516724,11127923
605,56088294,11484456,Jianing,tf.keras.models.Sequential model cannot fit with input type tf.Tensor,56088890,2455494
606,56059078,988709,tidy,What happens if tf.stop_gradient is not set?,56115214,1621414
607,56014361,10092506,Ngoc Minh Tran,Differences between Numpy and TensorFlow,57966175,11530462
608,55883795,7133431,xabdax,trainable_variables attribute of the custom layer in Keras returns empty list,55883947,5154274
609,55677827,5807031,LingxB,Loop over tensor dimension 0 (NoneType) with second tensor values,55680074,5154274
610,55652981,3187403,gpernelle,TensorFlow 2.0: How to update tensors?,55653651,5154274
611,55531944,9929884,Silicon,How to restrict tensorflow GPU memory usage?,55532954,7093741
612,55258859,9186974,Sayan Mandal,How to freeze a keras model with custom keras layers(.h5) to tensorflow graph(.pb)?,56641409,1427424
613,55258859,9186974,Sayan Mandal,How to freeze a keras model with custom keras layers(.h5) to tensorflow graph(.pb)?,55261401,2641587
614,55251319,2647513,user2647513,Tensorflow initialization gives all ones,55253250,7389608
615,55242278,7034613,DsCpp,Tensorflow - trainable variable does not change over time,55258518,1782792
616,55176818,5368083,bluesummers,How to support masking in custom tf.keras.layers.Layer,55201406,5368083
617,55155847,3466910,Ivan Vegner,"Tensorflow cannot get gradient wrt a Variable, but can wrt a Tensor",55191828,5786339
618,55062375,583464,George,tensorflow api 2.0 tensor objects are only iterable when eager execution is enabled. To iterate over this tensor use tf.map_fn,55087846,1234909
619,55058591,4688722,Ammar Ul Hassan,tensorflow.python.framework.errors_impl.InternalError: Dst tensor is not initialized,55126192,4688722
620,55049208,8372455,HenryHub,Error in loading the model with load_weights in Keras,55132331,9140084
621,55049208,8372455,HenryHub,Error in loading the model with load_weights in Keras,55055310,11065347
622,54808519,11096006,B4ckup,Optimize GPU usage of tf.map_fn,54810006,1782792
623,54745903,11078155,Michel Cevzar,How to implement an image(2D array) sequence sliding window in tensorflow?,54810574,11096626
624,54686895,1782553,Jav,Tensorflow dilation behave differently than morphological dilation,56391638,5023986
625,54686895,1782553,Jav,Tensorflow dilation behave differently than morphological dilation,55204699,7328782
626,54558464,2796123,deepAgrawal,Pad a tensor by a weight with tensorflow in Python,54570477,1782792
627,54516973,1984680,minerals,Is it possible to create custom Tensorflow GRU/LSTM cell?,54521518,10787274
628,54316729,10952448,Dariusz,Extremely long time (over 10 minutes) to load TensorRT-optimized TensorFlow graphs from .pb file,54766643,10952448
629,54274074,6195861,Kevin,Selecting columns from 3D tensor according to a 1D tensor of indices (Tensorflow),54275240,7389608
630,54176051,5865579,jason,"InvalidArgumentError indices[i,0] = x is not in [0, x) in keras",54177129,1462770
631,54132288,10895943,Gabriel Garcia,Why model.predict() from tensorflowjs always return same prediction?,54138016,5069957
632,54088172,4977634,qwesdfok,why tensorflow throws &quot;The graph couldn&#39;t be sorted in topological order&quot;?,54120941,9862053
633,54004948,4153034,Martin,Consequences of Keras running out of memory,54005497,5986252
634,57759635,3694044,Harald,Get Gradients with Keras Tensorflow 2.0,57834801,931303
635,57675242,10449967,ÂåÖ‰πîÂ•î,How does tf.function works when two functions call each other,57704523,2455494
636,57539273,8419797,Daniel Casares,Disable Tensorflow logging completely,57719030,1801968
637,57539273,8419797,Daniel Casares,Disable Tensorflow logging completely,57546746,8419797
638,57417089,11208496,tusker,How can a tensor in tensorflow be sliced ‚Äãusing elements of another array as an index?,57417183,3987085
639,57417089,11208496,tusker,How can a tensor in tensorflow be sliced ‚Äãusing elements of another array as an index?,57417714,1782792
640,56939282,4790871,David Parks,How do you feed a tf.data.Dataset dynamically in eager execution mode where initializable_iterator isn&#39;t available?,56980166,4790871
641,56655103,5597531,Atr Cheema,How to insert certain values at certain indices of a tensor in tensorflow?,56656216,3987085
642,56457726,10897543,Olfway,Why does Tensorflow cast int32/int32 to float64 and how to stop it?,56492671,1782792
643,55842256,11351605,tre95,How to find out the correct input and output operation of a frozen tensorflow graph?,55898638,11351605
644,55763690,11384432,H.Gruber,Tensorflow Serving Predict REST API &#39;not formatted correctly for base64 data&#39; Error,55782767,11384432
645,55762759,4556387,cjs,How to fix &quot;module &#39;tensorflow&#39; has no attribute &#39;estimator&#39; &quot; error,55928076,4556387
646,55579930,11328673,Ali Ghofrani,Is there any Capsnet Implementation on CIFAR10 that achieve better accuracy than common CNN?,58247597,11329409
647,55048373,4688722,Ammar Ul Hassan,"ValueError: cannot reshape array of size 235000 into shape (100,64,64,2350)",55056065,7389608
648,54802328,880783,bers,Why am I getting different values between loss functions and metrics in TensorFlow Keras?,56303351,880783
649,54346263,4406595,thebeancounter,tensorflow gradient - getting all nan values,54389788,4406595
650,55970686,6510273,Florida Man,Tensorboard not found as magic function in jupyter,58441272,11147295
651,55970686,6510273,Florida Man,Tensorboard not found as magic function in jupyter,55970819,5154274
652,57605741,4699994,Rafay Khan,Convolutional Net Model not working on very simple data,57606215,10455493
653,57605741,4699994,Rafay Khan,Convolutional Net Model not working on very simple data,57606712,10001536
654,57254879,9371809,Helga Holmestad,Saving model history on google cloud storage,57267486,9371809
655,57254879,9371809,Helga Holmestad,Saving model history on google cloud storage,57262437,7674214
656,57254879,9371809,Helga Holmestad,Saving model history on google cloud storage,57255166,10722885
657,56366435,4537989,KillianC,Tensorflow giving random answers on a regression problem,56396289,6904782
658,56366435,4537989,KillianC,Tensorflow giving random answers on a regression problem,56367229,1487756
659,56110234,4283218,Ke Yang,&quot;Dimensions must match&quot; error in tflite conversion with toco,56126139,4283218
660,56110234,4283218,Ke Yang,&quot;Dimensions must match&quot; error in tflite conversion with toco,56128324,2292767
661,56110234,4283218,Ke Yang,&quot;Dimensions must match&quot; error in tflite conversion with toco,56125347,2292767
662,56110234,4283218,Ke Yang,&quot;Dimensions must match&quot; error in tflite conversion with toco,56118077,2292767
663,55402551,9400421,Viziionary,Why am I getting the error &quot;tf.fromPixels is not a function&quot;?,55402747,11086438
664,55005432,9929884,Silicon,Is there some way to save best model only with tensorflow.estimator.train_and_evaluate()?,55010988,3595278
665,55005432,9929884,Silicon,Is there some way to save best model only with tensorflow.estimator.train_and_evaluate()?,55006289,5786339
666,54613474,2110869,reubenjohn,Tensorflow Keras Input layer does not add _keras_shape,54613931,8112138
667,54613474,2110869,reubenjohn,Tensorflow Keras Input layer does not add _keras_shape,54613529,3769033
668,54122211,3314143,daniel451,TensorFlow Graph to Keras Model?,54408366,10787274
669,54122211,3314143,daniel451,TensorFlow Graph to Keras Model?,54406849,2641587
670,54050581,6714608,ABCD,"Installed Keras with pip3, but getting the &quot;No Module Named keras&quot; error",54051014,6858244
671,54050581,6714608,ABCD,"Installed Keras with pip3, but getting the &quot;No Module Named keras&quot; error",54756254,2878244
672,54050581,6714608,ABCD,"Installed Keras with pip3, but getting the &quot;No Module Named keras&quot; error",54050624,9362747
673,57503705,11867828,Èô≥Âª∫Âã§,Is dropout layer still active in a freezed Keras model (i.e. trainable=False)?,57509119,2099607
674,57224353,10938547,Jun Liu,Is my training data set too complex for my neural network?,57230784,7645361
675,57224353,10938547,Jun Liu,Is my training data set too complex for my neural network?,57230594,9155909
676,57224353,10938547,Jun Liu,Is my training data set too complex for my neural network?,57225128,9687785
677,57181551,5989288,Asef,Can I write a keras callback that records and returns the total training time?,57182112,5810950
678,57181551,5989288,Asef,Can I write a keras callback that records and returns the total training time?,57181613,11669446
679,56573515,8316412,Rohan Lekhwani,Calling &quot;fit_generator()&quot; multiple times in Keras,56574742,10371987
680,56573515,8316412,Rohan Lekhwani,Calling &quot;fit_generator()&quot; multiple times in Keras,56574714,349130
681,56317060,1191087,golmschenk,Disabling `@tf.function` decorators for debugging?,57166582,887802
682,56317060,1191087,golmschenk,Disabling `@tf.function` decorators for debugging?,56317268,5154274
683,55906129,9772204,lmz,"Difference between &quot;Dropout&quot;, &quot;Monte-Carlo Dropout&quot;, &quot;Channel-wise Dropout&quot;",55907407,5154274
684,54634884,6637138,Evgeny Karpov,Extremely slow training speed with Keras when using steps_per_epoch argument,54635905,2097240
685,58109257,4426009,Hamid Heydarian,How convolutional layer filter size affects input length and how to keep labels the same size,58109542,2097240
686,57481869,3854476,Solomonoff&#39;s Secret,How to serialize data in example-in-example format for tensorflow-ranking?,57533931,4936825
687,57481869,3854476,Solomonoff&#39;s Secret,How to serialize data in example-in-example format for tensorflow-ranking?,57481870,3854476
688,57174019,7766024,Seankala,What exactly is a Variable in TensorFlow and why do we use them?,57180209,1782792
689,57174019,7766024,Seankala,What exactly is a Variable in TensorFlow and why do we use them?,57176796,2455494
690,56519029,6458245,Goldname,Why do I need to compile and fit a pretrained model in Keras?,56524030,349130
691,56519029,6458245,Goldname,Why do I need to compile and fit a pretrained model in Keras?,56519198,3250829
692,56519029,6458245,Goldname,Why do I need to compile and fit a pretrained model in Keras?,56519107,11588671
693,56267652,2359080,addcolor,Is it required to have predefined Image size to use transfer learning in tensorflow?,56269642,1621414
694,56064458,2443944,piccolo,Tensorflow2.0 training: model.compile vs GradientTape,56065444,9393102
695,55749195,4051544,Mike Gashler,How does one feed latent variables into a TensorFlow graph?,55749219,5154274
696,55749195,4051544,Mike Gashler,How does one feed latent variables into a TensorFlow graph?,55749325,1782792
697,55746170,7274157,Imperator123,How to stack Convolutional Layer and LSTM using Tensorflow2.0 alpha?,55750340,5069957
698,55746170,7274157,Imperator123,How to stack Convolutional Layer and LSTM using Tensorflow2.0 alpha?,55750397,1410665
699,55437278,3753287,lifeisshubh,Inner most dimension of an Array,55437297,11015427
700,55437278,3753287,lifeisshubh,Inner most dimension of an Array,55437296,3753287
701,55328355,6239947,Supratim Haldar,Keras flow_from_directory() read only from selected sub-directories,55328610,3987085
702,55262614,7779411,caissalover,How to save and load selected and all variables in tensorflow 2.0 using tf.train.Checkpoint?,57730914,1782792
703,55262614,7779411,caissalover,How to save and load selected and all variables in tensorflow 2.0 using tf.train.Checkpoint?,55263788,5600318
704,55159789,1179925,mrgloom,Tensorflow: how to view checkpoint in tensorboard?,55160098,1179925
705,55147097,3319713,Blue482,tensor conversion function numpy() doesn&#39;t work within tf.estimator model function,55147364,5786339
706,55018167,7703497,Pishang Ujeniya,One Category Text Classification on imbalanced data-set,55018576,10886420
707,54847380,11107475,Ronan Venkat,ImportError: cannot import name &#39;keras&#39;,54847442,9110909
708,54847380,11107475,Ronan Venkat,ImportError: cannot import name &#39;keras&#39;,54847478,4685471
709,54758940,336920,B Seven,Why doesn&#39;t validation_freq work with Keras model fit?,54759167,8112138
710,54559566,10843767,John Gadsden,How to change python version in Anaconda?,56477400,9973203
711,54559566,10843767,John Gadsden,How to change python version in Anaconda?,54559749,8726146
712,54523822,2723224,aveevu,Best way to process terabytes of data on gcloud ml-engine with keras,54523859,5495381
713,54495298,6714608,ABCD,Keras: how to get predicted labels for more than two classes,54495476,5495381
714,54441603,10709127,tuffy chow,"Tensorflow error &quot;has type list, but expected one of: int, long, float&quot;",54442327,9393102
715,54369602,2890590,Mark,tensorflow - how to build operations using tensor names?,54370372,992432
716,54369602,2890590,Mark,tensorflow - how to build operations using tensor names?,54370971,10968882
717,54210128,3161801,ffejrekaburb,Tensorflow text_generation,54210177,10915600
718,54197424,5052482,Jash Shah,How do we create a block (reusable set of functions) in Keras?,54197569,1868775
719,54197424,5052482,Jash Shah,How do we create a block (reusable set of functions) in Keras?,54197576,3991470
720,54014076,4371768,julka,"pip search finds tensorflow, but pip install does not",54014249,841994
721,58013244,11713857,dereks,Why doesn&#39;t `tf.matmul` work with transposed tensor?,58014641,2036766
722,58013244,11713857,dereks,Why doesn&#39;t `tf.matmul` work with transposed tensor?,58014154,10418086
723,58013244,11713857,dereks,Why doesn&#39;t `tf.matmul` work with transposed tensor?,58014072,1782792
724,57937097,347484,Boppity Bop,Is it possible to validate a deep learning model by training small data subset?,57937143,3653343
725,57937097,347484,Boppity Bop,Is it possible to validate a deep learning model by training small data subset?,57937219,2160809
726,57715248,6249001,Daniel Zapata,TensorFlow: Help creating a serving input function,57930130,6249001
727,57715248,6249001,Daniel Zapata,TensorFlow: Help creating a serving input function,57776691,3325672
728,57642361,7748163,skytree,How to initialize the variables of the existing Keras Models?,57643045,2097240
729,57353429,260826,user260826,Install TensorFlow on R,57360473,443806
730,57117397,11499783,Pidem,TensorRT and Tensorflow 2,57262484,11499783
731,57117397,11499783,Pidem,TensorRT and Tensorflow 2,57253604,8474650
732,57117397,11499783,Pidem,TensorRT and Tensorflow 2,57220729,3411080
733,57090420,11801882,Gust,How to assign tf.Variables using placeholders?,57091380,1782792
734,57090420,11801882,Gust,How to assign tf.Variables using placeholders?,57090600,6265630
735,56916313,11718632,Will,Tensorflow 2.0 doesn&#39;t compute the gradient,56917148,9393102
736,56865344,11733048,Toby Peterken,How do I calculate the matthews correlation coefficient in tensorflow,57002007,10685311
737,56865344,11733048,Toby Peterken,How do I calculate the matthews correlation coefficient in tensorflow,56875660,2455494
738,56831972,5368083,bluesummers,TensorFlow concatenate/stack N tensors interleaving last dimensions,56834995,1466792
739,56831972,5368083,bluesummers,TensorFlow concatenate/stack N tensors interleaving last dimensions,56833142,7059474
740,56728337,9364931,michael0196,Implement Causal CNN in Keras for multivariate time-series prediction,56798349,2097240
741,56688744,7713497,Pratik Kumar,unable to import Metric from tensorflow.keras.metrics,56689123,4790871
742,56337100,2163392,mad,The input to a flatten layer must be a tensor,56338066,8625500
743,56232389,4332075,Gaurav Gupta,Why ImageDataGenerator is iterating forever?,56232612,4917205
744,56192908,2184122,Robert Lugg,"TensorFlow Extended (TFX): Clarify Beam, Airflow and Kubeflow usage",57161708,7721459
745,56047834,906835,severian,Tensorflow: &quot;staggered&quot; sequence mask from indices?,56048253,5154274
746,56015171,5430317,zeeshan nisar,Repeat an array over channels,56015320,7579547
747,55989102,10092506,Ngoc Minh Tran,Computing weights in linear regression problem,55989744,423926
748,55944874,4947590,Joy Mazumder,How to multiply each row of a 3D matrix with each element of another 3D matrix on tensorflow?,55947159,2956066
749,55904997,5652313,Jind≈ôich,Pytorch equivalent of `tf.reverse_sequence`?,55906989,3607203
750,55749899,4975860,Nafis S.,Training a simple model in Tensorflow GPU slower than CPU,55750666,5154274
751,55749899,4975860,Nafis S.,Training a simple model in Tensorflow GPU slower than CPU,55750078,7259671
752,55740550,5046896,GoingMyWay,"Tensorflow, iterate tensors",55744637,1803124
753,55701663,2961244,pentadecagon,Input images with dynamic dimensions in Tensorflow-lite,55732431,4789373
754,55688621,1435046,beginh,How to apply mask to a tensor and keep its original shape,55688792,5154274
755,55638989,8807447,tk338,Eager tf.GradientTape() returns only Nones,55639871,5154274
756,55634133,7622324,Omer Lubin,"Can not squeeze dim[1], expected a dimension of 1, got 2",55634744,2099607
757,55634133,7622324,Omer Lubin,"Can not squeeze dim[1], expected a dimension of 1, got 2",55634686,7469434
758,55629163,1093333,Jayesh,Shape of tensor,55629310,10127761
759,55629163,1093333,Jayesh,Shape of tensor,55629354,1849998
760,55629163,1093333,Jayesh,Shape of tensor,55629272,11339311
761,55561540,9301213,Ayush Aggarwal,keras model.get_weight is not returning results in expected dimensions,55561583,5154274
762,55534572,7560008,MerklT,Setting the hidden state for each minibatch with different hidden sizes and multiple LSTM layers in Keras,55548066,423926
763,55502800,3259896,SantoshGupta7,How to add/change names of components to an existing Tensorflow Dataset object?,55543102,1735003
764,55469601,4985990,Giri Annamalai M,Increase sigmoid prediction output values?,55472056,5154274
765,55469601,4985990,Giri Annamalai M,Increase sigmoid prediction output values?,55470205,10868996
766,55459087,1576254,ikamen,Tensorflow 2.0: Optimizer.minimize (&#39;Adam&#39; object has no attribute &#39;minimize&#39;),55460177,5786339
767,55332669,6059213,TomLeung,&#39;Sequential&#39; object has no attribute &#39;loss&#39; - When I used GridSearchCV to tuning my Keras model,55333036,9047837
768,55286731,10344561,Stefano Mazzocchi,What is the recommended way to mix TensorFlow and TensorFlow Federated code?,55287468,11137398
769,55246749,7152553,eshanrh,Why does Google Colab give a &quot;unknown device&quot; error when I try to convert Keras MLP?,55324533,11250738